{
    "Search": [
        {
            "Title": "Batman Begins",
            "Year": "2005",
            "imdbID": "tt0372784",
            "Type": "movie",
            "Poster": "https://images-na.ssl-images-amazon.com/images/M/MV5BNTM3OTc0MzM2OV5BMl5BanBnXkFtZTYwNzUwMTI3._V1_SX300.jpg"
        },
        {
            "Title": "Batman v Superman: Dawn of Justice",
            "Year": "2016",
            "imdbID": "tt2975590",
            "Type": "movie",
            "Poster": "https://images-na.ssl-images-amazon.com/images/M/MV5BYThjYzcyYzItNTVjNy00NDk0LTgwMWQtYjMwNmNlNWJhMzMyXkEyXkFqcGdeQXVyMTQxNzMzNDI@._V1_SX300.jpg"
        },
        {
            "Title": "Batman",
            "Year": "1989",
            "imdbID": "tt0096895",
            "Type": "movie",
            "Poster": "https://images-na.ssl-images-amazon.com/images/M/MV5BMTYwNjAyODIyMF5BMl5BanBnXkFtZTYwNDMwMDk2._V1_SX300.jpg"
        },
        {
            "Title": "Batman Returns",
            "Year": "1992",
            "imdbID": "tt0103776",
            "Type": "movie",
            "Poster": "https://images-na.ssl-images-amazon.com/images/M/MV5BODM2OTc0Njg2OF5BMl5BanBnXkFtZTgwMDA4NjQxMTE@._V1_SX300.jpg"
        },
        {
            "Title": "Batman Forever",
            "Year": "1995",
            "imdbID": "tt0112462",
            "Type": "movie",
            "Poster": "https://images-na.ssl-images-amazon.com/images/M/MV5BNWY3M2I0YzItNzA1ZS00MzE3LThlYTEtMTg2YjNiOTYzODQ1XkEyXkFqcGdeQXVyMTQxNzMzNDI@._V1_SX300.jpg"
        },
        {
            "Title": "Batman & Robin",
            "Year": "1997",
            "imdbID": "tt0118688",
            "Type": "movie",
            "Poster": "https://images-na.ssl-images-amazon.com/images/M/MV5BMGQ5YTM1NmMtYmIxYy00N2VmLWJhZTYtN2EwYTY3MWFhOTczXkEyXkFqcGdeQXVyNTA2NTI0MTY@._V1_SX300.jpg"
        },
        {
            "Title": "Batman: The Animated Series",
            "Year": "1992–1995",
            "imdbID": "tt0103359",
            "Type": "series",
            "Poster": "https://images-na.ssl-images-amazon.com/images/M/MV5BMTU3MjcwNzY3NF5BMl5BanBnXkFtZTYwNzA2MTI5._V1_SX300.jpg"
        },
        {
            "Title": "Batman: Under the Red Hood",
            "Year": "2010",
            "imdbID": "tt1569923",
            "Type": "movie",
            "Poster": "https://images-na.ssl-images-amazon.com/images/M/MV5BYTdlODI0YTYtNjk5ZS00YzZjLTllZjktYmYzNWM4NmI5MmMxXkEyXkFqcGdeQXVyNTA4NzY1MzY@._V1_SX300.jpg"
        },
        {
            "Title": "Batman: The Dark Knight Returns, Part 1",
            "Year": "2012",
            "imdbID": "tt2313197",
            "Type": "movie",
            "Poster": "https://images-na.ssl-images-amazon.com/images/M/MV5BMzIxMDkxNDM2M15BMl5BanBnXkFtZTcwMDA5ODY1OQ@@._V1_SX300.jpg"
        },
        {
            "Title": "Batman: The Dark Knight Returns, Part 2",
            "Year": "2013",
            "imdbID": "tt2166834",
            "Type": "movie",
            "Poster": "https://images-na.ssl-images-amazon.com/images/M/MV5BMTQ1Mjk1NTY2NV5BMl5BanBnXkFtZTgwMTA2MDEwNzE@._V1_SX300.jpg"
        }
    ],
    "totalResults": "325",
    "Response": "True"
}