{
    "Search": [
        {
            "Title": "Harry Potter and the Deathly Hallows: Part 2",
            "Year": "2011",
            "imdbID": "tt1201607",
            "Type": "movie",
            "Poster": "https://images-na.ssl-images-amazon.com/images/M/MV5BMTY2MTk3MDQ1N15BMl5BanBnXkFtZTcwMzI4NzA2NQ@@._V1_SX300.jpg"
        },
        {
            "Title": "Harry Potter and the Sorcerer's Stone",
            "Year": "2001",
            "imdbID": "tt0241527",
            "Type": "movie",
            "Poster": "https://images-na.ssl-images-amazon.com/images/M/MV5BNjQ3NWNlNmQtMTE5ZS00MDdmLTlkZjUtZTBlM2UxMGFiMTU3XkEyXkFqcGdeQXVyNjUwNzk3NDc@._V1_SX300.jpg"
        },
        {
            "Title": "Harry Potter and the Chamber of Secrets",
            "Year": "2002",
            "imdbID": "tt0295297",
            "Type": "movie",
            "Poster": "https://images-na.ssl-images-amazon.com/images/M/MV5BMTcxODgwMDkxNV5BMl5BanBnXkFtZTYwMDk2MDg3._V1_SX300.jpg"
        },
        {
            "Title": "Harry Potter and the Goblet of Fire",
            "Year": "2005",
            "imdbID": "tt0330373",
            "Type": "movie",
            "Poster": "https://images-na.ssl-images-amazon.com/images/M/MV5BMTI1NDMyMjExOF5BMl5BanBnXkFtZTcwOTc4MjQzMQ@@._V1_SX300.jpg"
        },
        {
            "Title": "Harry Potter and the Prisoner of Azkaban",
            "Year": "2004",
            "imdbID": "tt0304141",
            "Type": "movie",
            "Poster": "https://images-na.ssl-images-amazon.com/images/M/MV5BMTY4NTIwODg0N15BMl5BanBnXkFtZTcwOTc0MjEzMw@@._V1_SX300.jpg"
        },
        {
            "Title": "Harry Potter and the Order of the Phoenix",
            "Year": "2007",
            "imdbID": "tt0373889",
            "Type": "movie",
            "Poster": "https://images-na.ssl-images-amazon.com/images/M/MV5BMTM0NTczMTUzOV5BMl5BanBnXkFtZTYwMzIxNTg3._V1_SX300.jpg"
        },
        {
            "Title": "Harry Potter and the Deathly Hallows: Part 1",
            "Year": "2010",
            "imdbID": "tt0926084",
            "Type": "movie",
            "Poster": "https://images-na.ssl-images-amazon.com/images/M/MV5BMTQ2OTE1Mjk0N15BMl5BanBnXkFtZTcwODE3MDAwNA@@._V1_SX300.jpg"
        },
        {
            "Title": "Harry Potter and the Half-Blood Prince",
            "Year": "2009",
            "imdbID": "tt0417741",
            "Type": "movie",
            "Poster": "https://images-na.ssl-images-amazon.com/images/M/MV5BNzU3NDg4NTAyNV5BMl5BanBnXkFtZTcwOTg2ODg1Mg@@._V1_SX300.jpg"
        },
        {
            "Title": "When Harry Met Sally...",
            "Year": "1989",
            "imdbID": "tt0098635",
            "Type": "movie",
            "Poster": "https://images-na.ssl-images-amazon.com/images/M/MV5BMjE0ODEwNjM2NF5BMl5BanBnXkFtZTcwMjU2Mzg3NA@@._V1_SX300.jpg"
        },
        {
            "Title": "Dirty Harry",
            "Year": "1971",
            "imdbID": "tt0066999",
            "Type": "movie",
            "Poster": "https://images-na.ssl-images-amazon.com/images/M/MV5BMTg3MDQ4Njg5MV5BMl5BanBnXkFtZTgwMTU2OTM5NDE@._V1._CR96,139,852,1256_SY132_CR0,0,89,132_AL_.jpg_V1_SX300.jpg"
        }
    ],
    "totalResults": "573",
    "Response": "True"
}