{
    "Search": [
        {
            "Title": "Harry Potter and the Deathly Hallows: Part 2",
            "Year": "2011",
            "imdbID": "tt1201607",
            "Type": "movie",
            "Poster": "https://images-na.ssl-images-amazon.com/images/M/MV5BMTY2MTk3MDQ1N15BMl5BanBnXkFtZTcwMzI4NzA2NQ@@._V1_SX300.jpg"
        },
        {
            "Title": "Harry Potter and the Sorcerer's Stone",
            "Year": "2001",
            "imdbID": "tt0241527",
            "Type": "movie",
            "Poster": "https://images-na.ssl-images-amazon.com/images/M/MV5BNjQ3NWNlNmQtMTE5ZS00MDdmLTlkZjUtZTBlM2UxMGFiMTU3XkEyXkFqcGdeQXVyNjUwNzk3NDc@._V1_SX300.jpg"
        },
        {
            "Title": "Harry Potter and the Chamber of Secrets",
            "Year": "2002",
            "imdbID": "tt0295297",
            "Type": "movie",
            "Poster": "https://images-na.ssl-images-amazon.com/images/M/MV5BMTcxODgwMDkxNV5BMl5BanBnXkFtZTYwMDk2MDg3._V1_SX300.jpg"
        },
        {
            "Title": "Harry Potter and the Goblet of Fire",
            "Year": "2005",
            "imdbID": "tt0330373",
            "Type": "movie",
            "Poster": "https://images-na.ssl-images-amazon.com/images/M/MV5BMTI1NDMyMjExOF5BMl5BanBnXkFtZTcwOTc4MjQzMQ@@._V1_SX300.jpg"
        },
        {
            "Title": "Harry Potter and the Prisoner of Azkaban",
            "Year": "2004",
            "imdbID": "tt0304141",
            "Type": "movie",
            "Poster": "https://images-na.ssl-images-amazon.com/images/M/MV5BMTY4NTIwODg0N15BMl5BanBnXkFtZTcwOTc0MjEzMw@@._V1_SX300.jpg"
        },
        {
            "Title": "Harry Potter and the Order of the Phoenix",
            "Year": "2007",
            "imdbID": "tt0373889",
            "Type": "movie",
            "Poster": "https://images-na.ssl-images-amazon.com/images/M/MV5BMTM0NTczMTUzOV5BMl5BanBnXkFtZTYwMzIxNTg3._V1_SX300.jpg"
        },
        {
            "Title": "Harry Potter and the Deathly Hallows: Part 1",
            "Year": "2010",
            "imdbID": "tt0926084",
            "Type": "movie",
            "Poster": "https://images-na.ssl-images-amazon.com/images/M/MV5BMTQ2OTE1Mjk0N15BMl5BanBnXkFtZTcwODE3MDAwNA@@._V1_SX300.jpg"
        },
        {
            "Title": "Harry Potter and the Half-Blood Prince",
            "Year": "2009",
            "imdbID": "tt0417741",
            "Type": "movie",
            "Poster": "https://images-na.ssl-images-amazon.com/images/M/MV5BNzU3NDg4NTAyNV5BMl5BanBnXkFtZTcwOTg2ODg1Mg@@._V1_SX300.jpg"
        },
        {
            "Title": "Harry Potter and the Chamber of Secrets",
            "Year": "2002",
            "imdbID": "tt0304140",
            "Type": "game",
            "Poster": "http://ia.media-imdb.com/images/M/MV5BNTM4NzQ2NjA4NV5BMl5BanBnXkFtZTgwODAwMjE4MDE@._V1_SX300.jpg"
        },
        {
            "Title": "Harry Potter and the Order of the Phoenix",
            "Year": "2007",
            "imdbID": "tt0944836",
            "Type": "game",
            "Poster": "http://ia.media-imdb.com/images/M/MV5BN2VhOGI0OTItZjVhMC00MThmLWI5YzEtYTk5ZTFhMjEzOGEzXkEyXkFqcGdeQXVyNzg5OTk2OA@@._V1_SX300.jpg"
        }
    ],
    "totalResults": "76",
    "Response": "True"
}