{
    "Search": [
        {
            "Title": "Sherlock Holmes",
            "Year": "2009",
            "imdbID": "tt0988045",
            "Type": "movie",
            "Poster": "https://images-na.ssl-images-amazon.com/images/M/MV5BMTg0NjEwNjUxM15BMl5BanBnXkFtZTcwMzk0MjQ5Mg@@._V1_SX300.jpg"
        },
        {
            "Title": "Sherlock Holmes: A Game of Shadows",
            "Year": "2011",
            "imdbID": "tt1515091",
            "Type": "movie",
            "Poster": "https://images-na.ssl-images-amazon.com/images/M/MV5BMTQwMzQ5Njk1MF5BMl5BanBnXkFtZTcwNjIxNzIxNw@@._V1_SX300.jpg"
        },
        {
            "Title": "Young Sherlock Holmes",
            "Year": "1985",
            "imdbID": "tt0090357",
            "Type": "movie",
            "Poster": "https://images-na.ssl-images-amazon.com/images/M/MV5BNmE0NTQ5ZjItN2MzNC00NjBhLTg0ZjYtYzFiMzFlMjhjNmNiXkEyXkFqcGdeQXVyNDk3NzU2MTQ@._V1_SX300.jpg"
        },
        {
            "Title": "The Adventures of Sherlock Holmes",
            "Year": "1984–1985",
            "imdbID": "tt0086661",
            "Type": "series",
            "Poster": "https://images-na.ssl-images-amazon.com/images/M/MV5BMTI2MzM1Njk4OV5BMl5BanBnXkFtZTcwMzA0ODQyMQ@@._V1._CR1,1,246,416_SX89_AL_.jpg_V1_SX300.jpg"
        },
        {
            "Title": "The Private Life of Sherlock Holmes",
            "Year": "1970",
            "imdbID": "tt0066249",
            "Type": "movie",
            "Poster": "https://images-na.ssl-images-amazon.com/images/M/MV5BNzliNzcxNDMtOTU2Ny00M2UwLWExMmItMGIxOTgyYzBiODM5XkEyXkFqcGdeQXVyNjc1NTYyMjg@._V1_SX300.jpg"
        },
        {
            "Title": "The Adventure of Sherlock Holmes' Smarter Brother",
            "Year": "1975",
            "imdbID": "tt0072608",
            "Type": "movie",
            "Poster": "https://images-na.ssl-images-amazon.com/images/M/MV5BMTgzMDkyMDE3NF5BMl5BanBnXkFtZTcwMzAyNzIzMQ@@._V1_SX300.jpg"
        },
        {
            "Title": "The Adventures of Sherlock Holmes",
            "Year": "1939",
            "imdbID": "tt0031022",
            "Type": "movie",
            "Poster": "https://images-na.ssl-images-amazon.com/images/M/MV5BMTAwMTY0MTY3MTdeQTJeQWpwZ15BbWU4MDM4NDA4MjEx._V1_SX300.jpg"
        },
        {
            "Title": "The Return of Sherlock Holmes",
            "Year": "1986–1988",
            "imdbID": "tt0090509",
            "Type": "series",
            "Poster": "http://ia.media-imdb.com/images/M/MV5BMTMzMzk5NTQ3MF5BMl5BanBnXkFtZTcwODM5ODcyMQ@@._V1_SX300.jpg"
        },
        {
            "Title": "The Memoirs of Sherlock Holmes",
            "Year": "1994",
            "imdbID": "tt0108855",
            "Type": "series",
            "Poster": "https://images-na.ssl-images-amazon.com/images/M/MV5BMTYzMzEzMTM4Ml5BMl5BanBnXkFtZTcwMTY2NDYyMQ@@._V1_SX300.jpg"
        },
        {
            "Title": "Sherlock Holmes and the Secret Weapon",
            "Year": "1942",
            "imdbID": "tt0035317",
            "Type": "movie",
            "Poster": "https://images-na.ssl-images-amazon.com/images/M/MV5BMTk5NzgyNDAwNl5BMl5BanBnXkFtZTcwOTgyNjgyMQ@@._V1_SX300.jpg"
        }
    ],
    "totalResults": "183",
    "Response": "True"
}