{
    "Title": "Star Wars: Episode V - The Empire Strikes Back",
    "Year": "1980",
    "Rated": "PG",
    "Released": "20 Jun 1980",
    "Runtime": "124 min",
    "Genre": "Action, Adventure, Fantasy",
    "Director": "Irvin Kershner",
    "Writer": "Leigh Brackett (screenplay), Lawrence Kasdan (screenplay), George Lucas (story by)",
    "Actors": "Mark Hamill, Harrison Ford, Carrie Fisher, Billy Dee Williams",
    "Plot": "After the rebels have been brutally overpowered by the Empire on their newly established base, Luke Skywalker takes advanced Jedi training with Master Yoda, while his friends are pursued by Darth Vader as part of his plan to capture Luke.",
    "Language": "English",
    "Country": "USA",
    "Awards": "Won 1 Oscar. Another 19 wins & 18 nominations.",
    "Poster": "https://images-na.ssl-images-amazon.com/images/M/MV5BYmViY2M2MTYtY2MzOS00YjQ1LWIzYmEtOTBiNjhlMGM0NjZjXkEyXkFqcGdeQXVyNDYyMDk5MTU@._V1_SX300.jpg",
    "Metascore": "81",
    "imdbRating": "8.8",
    "imdbVotes": "872,649",
    "imdbID": "tt0080684",
    "Type": "movie",
    "Response": "True"
}