{"Title":"The Matrix","Year":"1999","Rated":"R","Released":"31 Mar 1999","Runtime":"136 min","Genre":"Action, Sci-Fi","Director":"Lana Wachowski, Lilly Wachowski","Writer":"Lilly Wachowski, Lana Wachowski","Actors":"Keanu Reeves, Laurence Fishburne, Carrie-Anne Moss, Hugo Weaving","Plot":"A computer hacker learns from mysterious rebels about the true nature of his reality and his role in the war against its controllers.","Language":"English","Country":"USA","Awards":"Won 4 Oscars. Another 34 wins & 45 nominations.","Poster":"https://images-na.ssl-images-amazon.com/images/M/MV5BNzQzOTk3OTAtNDQ0Zi00ZTVkLWI0MTEtMDllZjNkYzNjNTc4L2ltYWdlXkEyXkFqcGdeQXVyNjU0OTQ0OTY@._V1_SX300.jpg","Ratings":[{"Source":"Internet Movie Database","Value":"8.7/10"},{"Source":"Rotten Tomatoes","Value":"87%"},{"Source":"Metacritic","Value":"73/100"}],"Metascore":"73","imdbRating":"8.7","imdbVotes":"1,346,758","imdbID":"tt0133093","Type":"movie","DVD":"21 Sep 1999","BoxOffice":"N/A","Production":"Warner Bros. Pictures","Website":"http://www.whatisthematrix.com","Response":"True"}