{"Title":"Star Wars: Episode II - Attack of the Clones","Year":"2002","Rated":"PG","Released":"16 May 2002","Runtime":"142 min","Genre":"Action, Adventure, Fantasy","Director":"George Lucas","Writer":"George Lucas (screenplay by), Jonathan Hales (screenplay by), George Lucas (story by)","Actors":"Ewan McGregor, Natalie Portman, Hayden Christensen, Christopher Lee","Plot":"Ten years after initially meeting, Anakin Skywalker shares a forbidden romance with Padmé, while Obi-Wan investigates an assassination attempt on the Senator and discovers a secret clone army crafted for the Jedi.","Language":"English","Country":"USA","Awards":"Nominated for 1 Oscar. Another 16 wins & 58 nominations.","Poster":"https://images-na.ssl-images-amazon.com/images/M/MV5BOWNkZmVjODAtNTFlYy00NTQwLWJhY2UtMmFmZTkyOWJmZjZiL2ltYWdlL2ltYWdlXkEyXkFqcGdeQXVyNDUzOTQ5MjY@._V1_SX300.jpg","Ratings":[{"Source":"Internet Movie Database","Value":"6.6/10"},{"Source":"Rotten Tomatoes","Value":"65%"},{"Source":"Metacritic","Value":"54/100"}],"Metascore":"54","imdbRating":"6.6","imdbVotes":"512,667","imdbID":"tt0121765","Type":"movie","DVD":"12 Nov 2002","BoxOffice":"$307,900,000","Production":"20th Century Fox","Website":"http://www.starwars.com/episode-ii/","Response":"True"}