{
  "Title": "Batman Forever",
  "Year": "1995",
  "Rated": "PG-13",
  "Released": "16 Jun 1995",
  "Runtime": "121 min",
  "Genre": "Action, Adventure, Fantasy",
  "Director": "Joel Schumacher",
  "Writer": "Bob Kane (characters), Lee Batchler (story), Janet Scott Batchler (story), Lee Batchler (screenplay), Janet Scott Batchler (screenplay), Akiva Goldsman (screenplay)",
  "Actors": "Val Kilmer, Tommy Lee Jones, Jim Carrey, Nicole Kidman",
  "Plot": "Batman must battle former district attorney Harvey Dent, who is now Two-Face and Edward Nygma, The Riddler with help from an amorous psychologist and a young circus acrobat who becomes his sidekick, Robin.",
  "Language": "English",
  "Country": "USA",
  "Awards": "Nominated for 3 Oscars. Another 10 wins & 22 nominations.",
  "Poster": "https://images-na.ssl-images-amazon.com/images/M/MV5BNWY3M2I0YzItNzA1ZS00MzE3LThlYTEtMTg2YjNiOTYzODQ1XkEyXkFqcGdeQXVyMTQxNzMzNDI@._V1_SX300.jpg",
  "Ratings": [
    { "Source": "Internet Movie Database", "Value": "5.4/10" },
    { "Source": "Rotten Tomatoes", "Value": "41%" },
    { "Source": "Metacritic", "Value": "51/100" }
  ],
  "Metascore": "51",
  "imdbRating": "5.4",
  "imdbVotes": "204,770",
  "imdbID": "tt0112462",
  "Type": "movie",
  "DVD": "27 Aug 1997",
  "BoxOffice": "N/A",
  "Production": "Warner Bros. Pictures",
  "Website": "N/A",
  "Response": "True"
}
