{"Title":"Star Wars: Episode I - The Phantom Menace","Year":"1999","Rated":"PG","Released":"19 May 1999","Runtime":"136 min","Genre":"Action, Adventure, Fantasy","Director":"George Lucas","Writer":"George Lucas","Actors":"Liam Neeson, Ewan McGregor, Natalie Portman, Jake Lloyd","Plot":"Two Jedi Knights escape a hostile blockade to find allies and come across a young boy who may bring balance to the Force, but the long dormant Sith resurface to claim their old glory.","Language":"English","Country":"USA","Awards":"Nominated for 3 Oscars. Another 26 wins & 62 nominations.","Poster":"https://images-na.ssl-images-amazon.com/images/M/MV5BM2FmZGIwMzAtZTBkMS00M2JiLTk2MDctM2FlNTQ2OWYwZDZkXkEyXkFqcGdeQXVyNDYyMDk5MTU@._V1_SX300.jpg","Ratings":[{"Source":"Internet Movie Database","Value":"6.5/10"},{"Source":"Rotten Tomatoes","Value":"55%"},{"Source":"Metacritic","Value":"51/100"}],"Metascore":"51","imdbRating":"6.5","imdbVotes":"584,732","imdbID":"tt0120915","Type":"movie","DVD":"16 Oct 2001","BoxOffice":"$431,000,000","Production":"20th Century Fox","Website":"http://www.starwars.com/episode-i/","Response":"True"}