{"Title":"Batman & Robin","Year":"1997","Rated":"PG-13","Released":"20 Jun 1997","Runtime":"125 min","Genre":"Action, Sci-Fi","Director":"Joel Schumacher","Writer":"Bob Kane (Batman characters), Akiva Goldsman","Actors":"Arnold Schwarzenegger, George Clooney, Chris O'Donnell, Uma Thurman","Plot":"Batman and Robin try to keep their relationship together even as they must stop Mr. Freeze and Poison Ivy from freezing Gotham City.","Language":"English","Country":"USA, UK","Awards":"10 wins & 21 nominations.","Poster":"https://images-na.ssl-images-amazon.com/images/M/MV5BMGQ5YTM1NmMtYmIxYy00N2VmLWJhZTYtN2EwYTY3MWFhOTczXkEyXkFqcGdeQXVyNTA2NTI0MTY@._V1_SX300.jpg","Ratings":[{"Source":"Internet Movie Database","Value":"3.7/10"},{"Source":"Rotten Tomatoes","Value":"10%"},{"Source":"Metacritic","Value":"28/100"}],"Metascore":"28","imdbRating":"3.7","imdbVotes":"203,036","imdbID":"tt0118688","Type":"movie","DVD":"21 Oct 1997","BoxOffice":"N/A","Production":"Warner Home Video","Website":"N/A","Response":"True"}