{"Title":"X-Men","Year":"1992–1997","Rated":"TV-Y7","Released":"31 Oct 1992","Runtime":"23 min","Genre":"Animation, Action, Family","Director":"N/A","Writer":"Stan Lee, Eric Lewald, Mark Edward Edens, Sidney Iwanter, Scott Lobdell, Tom Raney, Peter David, Larry Stroman","Actors":"Cathal J. Dodd, George Buza, Norm Spencer, Cedric Smith","Plot":"A team of mutant superheroes fight for justice and human acceptance in the Marvel Comics universe.","Language":"English","Country":"USA, Canada","Awards":"N/A","Poster":"https://images-na.ssl-images-amazon.com/images/M/MV5BNTVjNmEwNTMtNmQ2ZC00MGJkLWI3MDgtNzMyNTc4YjVkNTQ1L2ltYWdlXkEyXkFqcGdeQXVyNTAyODkwOQ@@._V1_SX300.jpg","Ratings":[{"Source":"Internet Movie Database","Value":"8.5/10"}],"Metascore":"N/A","imdbRating":"8.5","imdbVotes":"28,652","imdbID":"tt0103584","Type":"series","totalSeasons":"5","Response":"True"}