{"Title":"X-Men","Year":"2000","Rated":"PG-13","Released":"14 Jul 2000","Runtime":"104 min","Genre":"Action, Adventure, Sci-Fi","Director":"Bryan Singer","Writer":"Tom DeSanto (story), Bryan Singer (story), David Hayter (screenplay)","Actors":"Hugh Jackman, Patrick Stewart, Ian McKellen, Famke Janssen","Plot":"Two mutants come to a private academy for their kind whose resident superhero team must oppose a terrorist organization with similar powers.","Language":"English","Country":"USA","Awards":"13 wins & 26 nominations.","Poster":"https://images-na.ssl-images-amazon.com/images/M/MV5BMzU4ODZlYTMtZDg4Yi00OGUzLWEzYjUtZjE2ZmM0NTZkYTQ2XkEyXkFqcGdeQXVyNjExODE1MDc@._V1_SX300.jpg","Ratings":[{"Source":"Internet Movie Database","Value":"7.4/10"},{"Source":"Rotten Tomatoes","Value":"81%"},{"Source":"Metacritic","Value":"64/100"}],"Metascore":"64","imdbRating":"7.4","imdbVotes":"494,693","imdbID":"tt0120903","Type":"movie","DVD":"21 Nov 2000","BoxOffice":"$156,164,829","Production":"20th Century Fox","Website":"http://www.x-men-the-movie.com","Response":"True"}