{"Title":"The Matrix Reloaded","Year":"2003","Rated":"R","Released":"15 May 2003","Runtime":"138 min","Genre":"Action, Sci-Fi","Director":"Lana Wachowski, Lilly Wachowski","Writer":"Lilly Wachowski, Lana Wachowski, Lilly Wachowski (characters), Lana Wachowski (characters)","Actors":"Ray Anthony, Christine Anu, Andy Arness, Alima Ashton-Sheibu","Plot":"Neo and the rebel leaders estimate that they have 72 hours until 250,000 probes discover Zion and destroy it and its inhabitants. During this, Neo must decide how he can save Trinity from a dark fate in his dreams.","Language":"English, French","Country":"USA, Australia","Awards":"8 wins & 31 nominations.","Poster":"https://images-na.ssl-images-amazon.com/images/M/MV5BMjA0NDM5MDY2OF5BMl5BanBnXkFtZTcwNzg5OTEzMw@@._V1_SX300.jpg","Ratings":[{"Source":"Internet Movie Database","Value":"7.2/10"},{"Source":"Rotten Tomatoes","Value":"73%"},{"Source":"Metacritic","Value":"62/100"}],"Metascore":"62","imdbRating":"7.2","imdbVotes":"447,295","imdbID":"tt0234215","Type":"movie","DVD":"14 Oct 2003","BoxOffice":"$281,500,000","Production":"Warner Bros. Pictures","Website":"http://whatisthematrix.warnerbros.com/","Response":"True"}