{"Title":"X-Men: Evolution","Year":"2000–2003","Rated":"TV-Y7","Released":"04 Nov 2000","Runtime":"23 min","Genre":"Animation, Action, Drama","Director":"N/A","Writer":"N/A","Actors":"Kirby Morrow, Venus Terzo, David Kaye, Brad Swaile","Plot":"This rendition of X-Men features Cyclops, Jean Grey, Rogue, Nightcrawler, Shadowcat, and Spike as teenagers as they fight for a world that fears and hates them.","Language":"English","Country":"USA","Awards":"3 wins & 6 nominations.","Poster":"https://images-na.ssl-images-amazon.com/images/M/MV5BYzcxYjk4YTgtMGQxMC00M2UyLTkwMDktYjA1NzJhZGJlNzA3XkEyXkFqcGdeQXVyNzA5NjUyNjM@._V1_SX300.jpg","Ratings":[{"Source":"Internet Movie Database","Value":"7.9/10"}],"Metascore":"N/A","imdbRating":"7.9","imdbVotes":"7,827","imdbID":"tt0247827","Type":"series","totalSeasons":"4","Response":"True"}