{"Title":"Enter the Matrix","Year":"2003","Rated":"N/A","Released":"15 May 2003","Runtime":"N/A","Genre":"Action, Sci-Fi, Thriller","Director":"Andy Wachowski, Lana Wachowski","Writer":"Andy Wachowski, Lana Wachowski","Actors":"Mary Alice, Christine Anu, Steve Bastoni, Don Battee","Plot":"The game's story picks up just before The Matrix Reloaded and runs parallel to that of the film. Play either Niobe or Ghost as they bend the rules of the Matrix with martial arts, pilot the...","Language":"English","Country":"USA","Awards":"2 wins & 2 nominations.","Poster":"http://ia.media-imdb.com/images/M/MV5BMjA4NTYwNjk0M15BMl5BanBnXkFtZTgwODk3MDMwMTE@._V1_SX300.jpg","Ratings":[{"Source":"Internet Movie Database","Value":"6.9/10"}],"Metascore":"N/A","imdbRating":"6.9","imdbVotes":"2,408","imdbID":"tt0277828","Type":"game","DVD":"N/A","BoxOffice":"N/A","Production":"N/A","Website":"N/A","Response":"True"}