{"Title":"The Matrix Revisited","Year":"2001","Rated":"NOT RATED","Released":"20 Nov 2001","Runtime":"123 min","Genre":"Documentary","Director":"Josh Oreck","Writer":"N/A","Actors":"Lorenzo di Bonaventura, Joel Silver, Bill Pope, Owen Paterson","Plot":"An \"extras-only\" DVD, packed with documentaries and behind-the-scenes footage from the filming of the ground-breaking 1999 movie \"The Matrix\". Includes a rare interview with the elusive ...","Language":"English","Country":"USA","Awards":"N/A","Poster":"https://images-na.ssl-images-amazon.com/images/M/MV5BMTIzMTA4NDI4NF5BMl5BanBnXkFtZTYwNjg5Nzg4._V1_SX300.jpg","Ratings":[{"Source":"Internet Movie Database","Value":"7.4/10"},{"Source":"Rotten Tomatoes","Value":"71%"}],"Metascore":"N/A","imdbRating":"7.4","imdbVotes":"2,726","imdbID":"tt0295432","Type":"movie","DVD":"20 Nov 2001","BoxOffice":"N/A","Production":"WARNER BROTHERS PICTURES","Website":"N/A","Response":"True"}