{
    "Title": "Harry Potter and the Chamber of Secrets",
    "Year": "2002",
    "Rated": "PG",
    "Released": "15 Nov 2002",
    "Runtime": "161 min",
    "Genre": "Adventure, Family, Fantasy",
    "Director": "Chris Columbus",
    "Writer": "J.K. Rowling (novel), Steve Kloves (screenplay)",
    "Actors": "Daniel Radcliffe, Rupert Grint, Emma Watson, Richard Griffiths",
    "Plot": "Harry ignores warnings not to return to Hogwarts, only to find the school plagued by a series of mysterious attacks and a strange voice haunting him.",
    "Language": "English",
    "Country": "UK, USA, Germany",
    "Awards": "Nominated for 3 BAFTA Film Awards. Another 11 wins & 40 nominations.",
    "Poster": "https://images-na.ssl-images-amazon.com/images/M/MV5BMTcxODgwMDkxNV5BMl5BanBnXkFtZTYwMDk2MDg3._V1_SX300.jpg",
    "Metascore": "63",
    "imdbRating": "7.4",
    "imdbVotes": "405,646",
    "imdbID": "tt0295297",
    "Type": "movie",
    "Response": "True"
}