{"Title":"X-Men 2","Year":"2003","Rated":"PG-13","Released":"02 May 2003","Runtime":"134 min","Genre":"Action, Adventure, Fantasy","Director":"Bryan Singer","Writer":"Zak Penn (story), David Hayter (story), Bryan Singer (story), Michael Dougherty (screenplay), Dan Harris (screenplay), David Hayter (screenplay)","Actors":"Patrick Stewart, Hugh Jackman, Ian McKellen, Halle Berry","Plot":"The X-Men band together to find a mutant assassin who has made an attempt on the President's life, while the Mutant Academy is attacked by military forces.","Language":"English, German, Italian, Spanish","Country":"Canada, USA","Awards":"6 wins & 41 nominations.","Poster":"https://images-na.ssl-images-amazon.com/images/M/MV5BNDk0NjYxMzIzOF5BMl5BanBnXkFtZTYwMTc1MjU3._V1_SX300.jpg","Ratings":[{"Source":"Internet Movie Database","Value":"7.5/10"},{"Source":"Rotten Tomatoes","Value":"86%"},{"Source":"Metacritic","Value":"68/100"}],"Metascore":"68","imdbRating":"7.5","imdbVotes":"442,375","imdbID":"tt0290334","Type":"movie","DVD":"25 Nov 2003","BoxOffice":"$214,813,155","Production":"20th Century Fox","Website":"http://www.x2-movie.com/","Response":"True"}