{
    "Title": "Harry Potter and the Sorcerer's Stone",
    "Year": "2001",
    "Rated": "PG",
    "Released": "16 Nov 2001",
    "Runtime": "152 min",
    "Genre": "Adventure, Family, Fantasy",
    "Director": "Chris Columbus",
    "Writer": "J.K. Rowling (novel), Steve Kloves (screenplay)",
    "Actors": "Richard Harris, Maggie Smith, Robbie Coltrane, Saunders Triplets",
    "Plot": "Rescued from the outrageous neglect of his aunt and uncle, a young boy with a great destiny proves his worth while attending Hogwarts School of Witchcraft and Wizardry.",
    "Language": "English",
    "Country": "UK, USA",
    "Awards": "Nominated for 3 Oscars. Another 17 wins & 61 nominations.",
    "Poster": "https://images-na.ssl-images-amazon.com/images/M/MV5BNjQ3NWNlNmQtMTE5ZS00MDdmLTlkZjUtZTBlM2UxMGFiMTU3XkEyXkFqcGdeQXVyNjUwNzk3NDc@._V1_SX300.jpg",
    "Metascore": "64",
    "imdbRating": "7.5",
    "imdbVotes": "469,067",
    "imdbID": "tt0241527",
    "Type": "movie",
    "Response": "True"
}