{
    "Title": "Harry Potter and the Prisoner of Azkaban",
    "Year": "2004",
    "Rated": "PG",
    "Released": "04 Jun 2004",
    "Runtime": "142 min",
    "Genre": "Adventure, Family, Fantasy",
    "Director": "Alfonso Cuarón",
    "Writer": "J.K. Rowling (novel), Steve Kloves (screenplay)",
    "Actors": "Daniel Radcliffe, Richard Griffiths, Pam Ferris, Fiona Shaw",
    "Plot": "It's Harry's third year at Hogwarts; not only does he have a new \"Defense Against the Dark Arts\" teacher, but there is also trouble brewing. Convicted murderer Sirius Black has escaped the Wizards' Prison and is coming after Harry.",
    "Language": "English",
    "Country": "UK, USA",
    "Awards": "Nominated for 2 Oscars. Another 14 wins & 42 nominations.",
    "Poster": "https://images-na.ssl-images-amazon.com/images/M/MV5BMTY4NTIwODg0N15BMl5BanBnXkFtZTcwOTc0MjEzMw@@._V1_SX300.jpg",
    "Metascore": "82",
    "imdbRating": "7.8",
    "imdbVotes": "400,303",
    "imdbID": "tt0304141",
    "Type": "movie",
    "Response": "True"
}