{"Title":"X-Men: The Last Stand","Year":"2006","Rated":"PG-13","Released":"26 May 2006","Runtime":"104 min","Genre":"Action, Adventure, Fantasy","Director":"Brett Ratner","Writer":"Simon Kinberg, Zak Penn","Actors":"Hugh Jackman, Halle Berry, Ian McKellen, Patrick Stewart","Plot":"An all-out war looms when the discovery of a cure for mutations draws a line between the followers of Charles Xavier and those of Magneto.","Language":"English","Country":"Canada, USA, UK","Awards":"7 wins & 37 nominations.","Poster":"https://images-na.ssl-images-amazon.com/images/M/MV5BMjI1NTg2ODA2Nl5BMl5BanBnXkFtZTcwMDc2MjEzMw@@._V1_SX300.jpg","Ratings":[{"Source":"Internet Movie Database","Value":"6.7/10"},{"Source":"Rotten Tomatoes","Value":"58%"},{"Source":"Metacritic","Value":"58/100"}],"Metascore":"58","imdbRating":"6.7","imdbVotes":"417,025","imdbID":"tt0376994","Type":"movie","DVD":"03 Oct 2006","BoxOffice":"$234,300,000","Production":"20th Century Fox","Website":"http://www.x-menthelaststand.com/","Response":"True"}