{
    "Title": "Harry Potter and the Order of the Phoenix",
    "Year": "2007",
    "Rated": "PG-13",
    "Released": "11 Jul 2007",
    "Runtime": "138 min",
    "Genre": "Adventure, Family, Fantasy",
    "Director": "David Yates",
    "Writer": "Michael Goldenberg (screenplay), J.K. Rowling (novel)",
    "Actors": "Daniel Radcliffe, Harry Melling, Jason Boyd, Richard Macklin",
    "Plot": "With their warning about Lord Voldemort's return scoffed at, Harry and Dumbledore are targeted by the Wizard authorities as an authoritarian bureaucrat slowly seizes power at Hogwarts.",
    "Language": "English",
    "Country": "UK, USA",
    "Awards": "Nominated for 2 BAFTA Film Awards. Another 14 wins & 38 nominations.",
    "Poster": "https://images-na.ssl-images-amazon.com/images/M/MV5BMTM0NTczMTUzOV5BMl5BanBnXkFtZTYwMzIxNTg3._V1_SX300.jpg",
    "Metascore": "71",
    "imdbRating": "7.5",
    "imdbVotes": "371,884",
    "imdbID": "tt0373889",
    "Type": "movie",
    "Response": "True"
}