{"Title":"Batman Begins","Year":"2005","Rated":"PG-13","Released":"15 Jun 2005","Runtime":"152 min","Genre":"Action, Adventure, Thriller","Director":"Christopher Nolan","Writer":"Bob Kane (characters), David S. Goyer (story), Christopher Nolan (screenplay), David S. Goyer (screenplay)","Actors":"Christian Bale, Michael Caine, Liam Neeson, Katie Holmes","Plot":"After training with his mentor, Batman begins his fight to free crime-ridden Gotham City from the corruption that Scarecrow and the League of Shadows have cast upon it.","Language":"English, Urdu, Mandarin","Country":"USA, UK","Awards":"Nominated for 1 Oscar. Another 14 wins & 71 nominations.","Poster":"https://images-na.ssl-images-amazon.com/images/M/MV5BNTM3OTc0MzM2OV5BMl5BanBnXkFtZTYwNzUwMTI3._V1_SX300.jpg","Ratings":[{"Source":"Internet Movie Database","Value":"8.3/10"},{"Source":"Rotten Tomatoes","Value":"84%"},{"Source":"Metacritic","Value":"70/100"}],"Metascore":"70","imdbRating":"8.3","imdbVotes":"1,079,730","imdbID":"tt0372784","Type":"movie","DVD":"18 Oct 2005","BoxOffice":"$204,100,000","Production":"Warner Bros. Pictures","Website":"http://www.batmanbegins.com/","Response":"True"}