{
    "Title": "Harry Potter and the Goblet of Fire",
    "Year": "2005",
    "Rated": "PG-13",
    "Released": "18 Nov 2005",
    "Runtime": "157 min",
    "Genre": "Adventure, Family, Fantasy",
    "Director": "Mike Newell",
    "Writer": "Steve Kloves (screenplay), J.K. Rowling (novel)",
    "Actors": "Eric Sykes, Timothy Spall, David Tennant, Daniel Radcliffe",
    "Plot": "Harry finds himself mysteriously selected as an under-aged competitor in a dangerous tournament between three schools of magic.",
    "Language": "English, French",
    "Country": "UK, USA",
    "Awards": "Nominated for 1 Oscar. Another 13 wins & 41 nominations.",
    "Poster": "https://images-na.ssl-images-amazon.com/images/M/MV5BMTI1NDMyMjExOF5BMl5BanBnXkFtZTcwOTc4MjQzMQ@@._V1_SX300.jpg",
    "Metascore": "81",
    "imdbRating": "7.7",
    "imdbVotes": "405,499",
    "imdbID": "tt0330373",
    "Type": "movie",
    "Response": "True"
}