{"Title":"Armitage III: Dual Matrix","Year":"2002","Rated":"NOT RATED","Released":"01 Oct 2002","Runtime":"90 min","Genre":"Animation, Sci-Fi, Thriller","Director":"Katsuhito Akiyama","Writer":"Naoko Hasegawa, Hideki Kakinuma","Actors":"Ryôka Yuzuki, Hikaru Hanada, Yuka Imai, Kazuhiro Yamaji","Plot":"Five years after the OAV series, Third series robot Naomi Armitage and her husband Ross Sylibus now live peacefully on Mars with their daughter, until a corporation wants to know the secrets of the third's ability to bear children.","Language":"Japanese","Country":"Japan","Awards":"1 nomination.","Poster":"https://images-na.ssl-images-amazon.com/images/M/MV5BOTUwOTY3Mjg1MF5BMl5BanBnXkFtZTcwODI2MTAyMQ@@._V1_SX300.jpg","Ratings":[{"Source":"Internet Movie Database","Value":"6.5/10"}],"Metascore":"N/A","imdbRating":"6.5","imdbVotes":"916","imdbID":"tt0303678","Type":"movie","DVD":"06 Aug 2002","BoxOffice":"N/A","Production":"Pioneer","Website":"N/A","Response":"True"}