{"Title":"Star Wars: The Clone Wars","Year":"2008–2015","Rated":"TV-PG","Released":"03 Oct 2008","Runtime":"23 min","Genre":"Animation, Action, Adventure","Director":"N/A","Writer":"George Lucas","Actors":"Tom Kane, Dee Bradley Baker, Matt Lanter, James Arnold Taylor","Plot":"Yoda, Mace Windu, Obi-Wan Kenobi, Anakin Skywalker and other Jedi Knights lead the Grand Army of the Republic against the droid army of the Separatists.","Language":"English","Country":"USA","Awards":"23 wins & 68 nominations.","Poster":"https://images-na.ssl-images-amazon.com/images/M/MV5BYTFlZTIxMWQtZmY0Mi00YWM5LWJkYzAtZmY3ZDkwZDc0NWU0XkEyXkFqcGdeQXVyMjg5NDMwMQ@@._V1_SX300.jpg","Ratings":[{"Source":"Internet Movie Database","Value":"8.0/10"}],"Metascore":"N/A","imdbRating":"8.0","imdbVotes":"32,967","imdbID":"tt0458290","Type":"series","totalSeasons":"7","Response":"True"}