{"Title":"The Matrix: Path of Neo","Year":"2005","Rated":"N/A","Released":"08 Nov 2005","Runtime":"N/A","Genre":"Animation, Action, Adventure","Director":"Lana Wachowski, Lilly Wachowski","Writer":"Lana Wachowski, Lilly Wachowski","Actors":"Mary Alice, Julian Arahanga, David Aston, Helmut Bakaitis","Plot":"Play as Neo and battle your way through familiar fights and situations from the Matrix trilogy. Every choice has a consequence. From the Wachowski Brothers.","Language":"English","Country":"USA","Awards":"N/A","Poster":"http://ia.media-imdb.com/images/M/MV5BYWM2ZWU5MDUtYTU2ZS00ZDFmLWIyNGEtNWZkMjRmZjI2YzMzXkEyXkFqcGdeQXVyMTA1OTEwNjE@._V1_SX300.jpg","Ratings":[{"Source":"Internet Movie Database","Value":"7.4/10"}],"Metascore":"N/A","imdbRating":"7.4","imdbVotes":"935","imdbID":"tt0451118","Type":"game","DVD":"N/A","BoxOffice":"N/A","Production":"N/A","Website":"N/A","Response":"True"}