{"Title":"X-Men Origins: Wolverine","Year":"2009","Rated":"PG-13","Released":"01 May 2009","Runtime":"107 min","Genre":"Action, Adventure, Sci-Fi","Director":"Gavin Hood","Writer":"David Benioff (screenplay), Skip Woods (screenplay)","Actors":"Hugh Jackman, Liev Schreiber, Danny Huston, Will.i.am","Plot":"A look at Wolverine's early life, in particular his time with the government squad Team X and the impact it will have on his later years.","Language":"English","Country":"USA, UK","Awards":"3 wins & 18 nominations.","Poster":"https://images-na.ssl-images-amazon.com/images/M/MV5BZWRhMzdhMzEtZTViNy00YWYyLTgxZmUtMTMwMWM0NTEyMjk3XkEyXkFqcGdeQXVyNTIzOTk5ODM@._V1_SX300.jpg","Ratings":[{"Source":"Internet Movie Database","Value":"6.7/10"},{"Source":"Rotten Tomatoes","Value":"38%"},{"Source":"Metacritic","Value":"40/100"}],"Metascore":"40","imdbRating":"6.7","imdbVotes":"399,504","imdbID":"tt0458525","Type":"movie","DVD":"15 Sep 2009","BoxOffice":"$179,737,340","Production":"20th Century Fox","Website":"http://www.x-menorigins.com/","Response":"True"}