{
    "Title": "Harry Potter and the Half-Blood Prince",
    "Year": "2009",
    "Rated": "PG",
    "Released": "15 Jul 2009",
    "Runtime": "153 min",
    "Genre": "Adventure, Family, Fantasy",
    "Director": "David Yates",
    "Writer": "Steve Kloves (screenplay), J.K. Rowling (novel)",
    "Actors": "Daniel Radcliffe, Michael Gambon, Dave Legeno, Elarica Johnson",
    "Plot": "As Harry Potter begins his sixth year at Hogwarts, he discovers an old book marked as \"the property of the Half-Blood Prince\" and begins to learn more about Lord Voldemort's dark past.",
    "Language": "English",
    "Country": "UK, USA",
    "Awards": "Nominated for 1 Oscar. Another 8 wins & 33 nominations.",
    "Poster": "https://images-na.ssl-images-amazon.com/images/M/MV5BNzU3NDg4NTAyNV5BMl5BanBnXkFtZTcwOTg2ODg1Mg@@._V1_SX300.jpg",
    "Metascore": "78",
    "imdbRating": "7.5",
    "imdbVotes": "339,989",
    "imdbID": "tt0417741",
    "Type": "movie",
    "Response": "True"
}