{"Title":"Wolverine and the X-Men","Year":"2008–2009","Rated":"TV-Y7","Released":"23 Jan 2009","Runtime":"23 min","Genre":"Animation, Action, Adventure","Director":"N/A","Writer":"N/A","Actors":"Steve Blum, Jim Ward, Nolan North, Fred Tatasciore","Plot":"After an explosion at the school, the X-Men went their seperate ways. But they must unite once again under the leadership of Wolverine to prevent an inevitable war while also dealing with present problems.","Language":"English","Country":"USA","Awards":"N/A","Poster":"https://images-na.ssl-images-amazon.com/images/M/MV5BNzk4Nzg3NjMyMV5BMl5BanBnXkFtZTcwMjk3MjU0Mg@@._V1_SX300.jpg","Ratings":[{"Source":"Internet Movie Database","Value":"8.1/10"}],"Metascore":"N/A","imdbRating":"8.1","imdbVotes":"8,268","imdbID":"tt0772145","Type":"series","totalSeasons":"1","Response":"True"}