{"Title":"Star Wars: The Clone Wars","Year":"2008","Rated":"PG","Released":"15 Aug 2008","Runtime":"98 min","Genre":"Animation, Action, Adventure","Director":"Dave Filoni","Writer":"Henry Gilroy, Steven Melching, Scott Murphy","Actors":"Matt Lanter, Ashley Eckstein, James Arnold Taylor, Dee Bradley Baker","Plot":"After the Republic's victory on Christophsis, Anakin and his new apprentice Ahsoka Tano must rescue the kidnapped son of Jabba the Hutt. Political intrigue complicates their mission.","Language":"English","Country":"USA","Awards":"3 nominations.","Poster":"https://images-na.ssl-images-amazon.com/images/M/MV5BMTI1MDIwMTczOV5BMl5BanBnXkFtZTcwNTI4MDE3MQ@@._V1_SX300.jpg","Ratings":[{"Source":"Internet Movie Database","Value":"5.9/10"},{"Source":"Rotten Tomatoes","Value":"18%"},{"Source":"Metacritic","Value":"35/100"}],"Metascore":"35","imdbRating":"5.9","imdbVotes":"45,854","imdbID":"tt1185834","Type":"movie","DVD":"11 Nov 2008","BoxOffice":"$35,089,551","Production":"Warner Bros. Pictures","Website":"http://www.starwars.com/theclonewars/","Response":"True"}