{"Title":"X-Men: First Class","Year":"2011","Rated":"PG-13","Released":"03 Jun 2011","Runtime":"131 min","Genre":"Action, Adventure, Sci-Fi","Director":"Matthew Vaughn","Writer":"Ashley Miller (screenplay), Zack Stentz (screenplay), Jane Goldman (screenplay), Matthew Vaughn (screenplay), Sheldon Turner (story), Bryan Singer (story)","Actors":"James McAvoy, Laurence Belcher, Michael Fassbender, Bill Milner","Plot":"In 1962, the United States government enlists the help of Mutants with superhuman abilities to stop a malicious dictator who is determined to start World War III.","Language":"English, German, French, Spanish, Russian","Country":"USA, UK","Awards":"20 wins & 38 nominations.","Poster":"https://images-na.ssl-images-amazon.com/images/M/MV5BMTg5OTMxNzk4Nl5BMl5BanBnXkFtZTcwOTk1MjAwNQ@@._V1_SX300.jpg","Ratings":[{"Source":"Internet Movie Database","Value":"7.8/10"},{"Source":"Rotten Tomatoes","Value":"86%"},{"Source":"Metacritic","Value":"65/100"}],"Metascore":"65","imdbRating":"7.8","imdbVotes":"562,462","imdbID":"tt1270798","Type":"movie","DVD":"09 Sep 2011","BoxOffice":"$145,300,000","Production":"20th Century Fox","Website":"http://www.x-menfirstclassmovie.com/","Response":"True"}