{
    "Title": "Harry Potter and the Deathly Hallows: Part 2",
    "Year": "2011",
    "Rated": "PG-13",
    "Released": "15 Jul 2011",
    "Runtime": "130 min",
    "Genre": "Adventure, Drama, Fantasy",
    "Director": "David Yates",
    "Writer": "Steve Kloves (screenplay), J.K. Rowling (novel)",
    "Actors": "Ralph Fiennes, Michael Gambon, Alan Rickman, Daniel Radcliffe",
    "Plot": "Harry, Ron and Hermione search for Voldemort's remaining Horcruxes in their effort to destroy the Dark Lord as the final battle rages on at Hogwarts.",
    "Language": "English",
    "Country": "USA, UK",
    "Awards": "Nominated for 3 Oscars. Another 46 wins & 87 nominations.",
    "Poster": "https://images-na.ssl-images-amazon.com/images/M/MV5BMTY2MTk3MDQ1N15BMl5BanBnXkFtZTcwMzI4NzA2NQ@@._V1_SX300.jpg",
    "Metascore": "87",
    "imdbRating": "8.1",
    "imdbVotes": "567,032",
    "imdbID": "tt1201607",
    "Type": "movie",
    "Response": "True"
}