{"Title":"CR: Enter the Matrix","Year":"2009","Rated":"N/A","Released":"07 Dec 2009","Runtime":"N/A","Genre":"Action, Adventure, Sci-Fi","Director":"Ohkata","Writer":"Andy Wachowski, Lana Wachowski","Actors":"Laurence Fishburne, Carrie-Anne Moss, Keanu Reeves, Hugo Weaving","Plot":"Xbox video game that stores the matrix trilogy in one game. You play as the main character Neo.","Language":"Japanese","Country":"Japan","Awards":"N/A","Poster":"http://ia.media-imdb.com/images/M/MV5BMTExMzY3NTQ1NjleQTJeQWpwZ15BbWU3MDAyMjk2NzM@._V1_SX300.jpg","Ratings":[{"Source":"Internet Movie Database","Value":"8.3/10"}],"Metascore":"N/A","imdbRating":"8.3","imdbVotes":"920","imdbID":"tt1675286","Type":"game","DVD":"N/A","BoxOffice":"N/A","Production":"N/A","Website":"N/A","Response":"True"}