{"Title":"X-Men: Days of Future Past","Year":"2014","Rated":"PG-13","Released":"23 May 2014","Runtime":"132 min","Genre":"Action, Adventure, Sci-Fi","Director":"Bryan Singer","Writer":"Simon Kinberg (screenplay by), Jane Goldman (story by), Simon Kinberg (story by), Matthew Vaughn (story by)","Actors":"Hugh Jackman, James McAvoy, Michael Fassbender, Jennifer Lawrence","Plot":"The X-Men send Wolverine to the past in a desperate effort to change history and prevent an event that results in doom for both humans and mutants.","Language":"English, Vietnamese, French","Country":"USA, UK, Canada","Awards":"Nominated for 1 Oscar. Another 15 wins & 47 nominations.","Poster":"https://images-na.ssl-images-amazon.com/images/M/MV5BZGIzNWYzN2YtMjcwYS00YjQ3LWI2NjMtOTNiYTUyYjE2MGNkXkEyXkFqcGdeQXVyMTQxNzMzNDI@._V1_SX300.jpg","Ratings":[{"Source":"Internet Movie Database","Value":"8.0/10"},{"Source":"Rotten Tomatoes","Value":"90%"},{"Source":"Metacritic","Value":"74/100"}],"Metascore":"74","imdbRating":"8.0","imdbVotes":"566,840","imdbID":"tt1877832","Type":"movie","DVD":"14 Oct 2014","BoxOffice":"$199,305,306","Production":"20th Century Fox","Website":"http://www.x-menmovies.com/","Response":"True"}