{"Title":"Batman: The Dark Knight Returns, Part 2","Year":"2013","Rated":"PG-13","Released":"29 Jan 2013","Runtime":"76 min","Genre":"Animation, Action, Adventure","Director":"Jay Oliva","Writer":"Bob Kane (character created by: Batman), Jerry Siegel (character created by: Superman), Joe Shuster (character created by: Superman), Frank Miller (comic book), Klaus Janson (comic book), Bob Goodman","Actors":"Peter Weller, Ariel Winter, Michael Emerson, David Selby","Plot":"The Batman has returned after a 10-year absence. The Gotham authorities want to arrest him. An old foe wants a reunion. The Feds want the Man of Tomorrow to put a stop to him.","Language":"English","Country":"USA","Awards":"1 win & 1 nomination.","Poster":"https://images-na.ssl-images-amazon.com/images/M/MV5BYTEzMmE0ZDYtYWNmYi00ZWM4LWJjOTUtYTE0ZmQyYWM3ZjA0XkEyXkFqcGdeQXVyNTA4NzY1MzY@._V1_SX300.jpg","Ratings":[{"Source":"Internet Movie Database","Value":"8.4/10"}],"Metascore":"N/A","imdbRating":"8.4","imdbVotes":"35,665","imdbID":"tt2166834","Type":"movie","DVD":"29 Jan 2013","BoxOffice":"N/A","Production":"Warner Bros.","Website":"http://www.wbshop.com/","Response":"True"}