{"Title":"Batman: The Dark Knight Returns, Part 1","Year":"2012","Rated":"PG-13","Released":"25 Sep 2012","Runtime":"76 min","Genre":"Animation, Action, Adventure","Director":"Jay Oliva","Writer":"Bob Kane (character created by: Batman), Frank Miller (comic book), Klaus Janson (comic book), Bob Goodman","Actors":"Peter Weller, Ariel Winter, David Selby, Wade Williams","Plot":"Batman has not been seen for ten years. A new breed of criminal ravages Gotham City, forcing 55-year-old Bruce Wayne back into the cape and cowl. But, does he still have what it takes to fight crime in a new era?","Language":"English","Country":"USA","Awards":"5 nominations.","Poster":"https://images-na.ssl-images-amazon.com/images/M/MV5BMzIxMDkxNDM2M15BMl5BanBnXkFtZTcwMDA5ODY1OQ@@._V1_SX300.jpg","Ratings":[{"Source":"Internet Movie Database","Value":"8.0/10"},{"Source":"Rotten Tomatoes","Value":"100%"}],"Metascore":"N/A","imdbRating":"8.0","imdbVotes":"42,023","imdbID":"tt2313197","Type":"movie","DVD":"25 Sep 2012","BoxOffice":"N/A","Production":"WARNER BROTHERS PICTURES","Website":"https://www.facebook.com/BatmanTheDarkKnightReturns","Response":"True"}