{"Title":"Batman v Superman: Dawn of Justice","Year":"2016","Rated":"PG-13","Released":"25 Mar 2016","Runtime":"151 min","Genre":"Action, Adventure, Sci-Fi","Director":"Zack Snyder","Writer":"Chris Terrio, David S. Goyer, Bob Kane (Batman created by), Bill Finger (Batman created by), Jerry Siegel (Superman created by), Joe Shuster (Superman created by)","Actors":"Ben Affleck, Henry Cavill, Amy Adams, Jesse Eisenberg","Plot":"Fearing that the actions of Superman are left unchecked, Batman takes on the Man of Steel, while the world wrestles with what kind of a hero it really needs.","Language":"English","Country":"USA","Awards":"13 wins & 30 nominations.","Poster":"https://images-na.ssl-images-amazon.com/images/M/MV5BYThjYzcyYzItNTVjNy00NDk0LTgwMWQtYjMwNmNlNWJhMzMyXkEyXkFqcGdeQXVyMTQxNzMzNDI@._V1_SX300.jpg","Ratings":[{"Source":"Internet Movie Database","Value":"6.6/10"},{"Source":"Rotten Tomatoes","Value":"27%"},{"Source":"Metacritic","Value":"44/100"}],"Metascore":"44","imdbRating":"6.6","imdbVotes":"499,179","imdbID":"tt2975590","Type":"movie","DVD":"19 Jul 2016","BoxOffice":"$293,792,936","Production":"Warner Bros. Pictures","Website":"http://www.facebook.com/batmanvsuperman","Response":"True"}