{"Title":"X-Men: Apocalypse","Year":"2016","Rated":"PG-13","Released":"27 May 2016","Runtime":"144 min","Genre":"Action, Adventure, Sci-Fi","Director":"Bryan Singer","Writer":"Simon Kinberg (screenplay by), Bryan Singer (story by), Simon Kinberg (story by), Michael Dougherty (story by), Dan Harris (story by)","Actors":"James McAvoy, Michael Fassbender, Jennifer Lawrence, Nicholas Hoult","Plot":"After the re-emergence of the world's first mutant, world-destroyer Apocalypse, the X-Men must unite to defeat his extinction level plan.","Language":"English, Polish, German, Arabic, Egyptian (Ancient)","Country":"USA","Awards":"14 nominations.","Poster":"https://images-na.ssl-images-amazon.com/images/M/MV5BMjU1ODM1MzYxN15BMl5BanBnXkFtZTgwOTA4NDE2ODE@._V1_SX300.jpg","Ratings":[{"Source":"Internet Movie Database","Value":"7.0/10"},{"Source":"Rotten Tomatoes","Value":"48%"},{"Source":"Metacritic","Value":"52/100"}],"Metascore":"52","imdbRating":"7.0","imdbVotes":"297,398","imdbID":"tt3385516","Type":"movie","DVD":"04 Oct 2016","BoxOffice":"$135,729,385","Production":"20th Century Fox","Website":"https://www.facebook.com/xmenmovies","Response":"True"}