{"Title":"Rogue One","Year":"2016","Rated":"PG-13","Released":"16 Dec 2016","Runtime":"133 min","Genre":"Action, Adventure, Sci-Fi","Director":"Gareth Edwards","Writer":"Chris Weitz (screenplay by), Tony Gilroy (screenplay by), John Knoll (story by), Gary Whitta (story by), George Lucas (based on characters created by)","Actors":"Felicity Jones, Diego Luna, Alan Tudyk, Donnie Yen","Plot":"The Rebel Alliance makes a risky move to steal the plans for the Death Star, setting up the epic saga to follow.","Language":"English","Country":"USA","Awards":"Nominated for 2 Oscars. Another 21 wins & 77 nominations.","Poster":"https://images-na.ssl-images-amazon.com/images/M/MV5BMjEwMzMxODIzOV5BMl5BanBnXkFtZTgwNzg3OTAzMDI@._V1_SX300.jpg","Ratings":[{"Source":"Internet Movie Database","Value":"7.9/10"},{"Source":"Rotten Tomatoes","Value":"85%"},{"Source":"Metacritic","Value":"65/100"}],"Metascore":"65","imdbRating":"7.9","imdbVotes":"366,631","imdbID":"tt3748528","Type":"movie","DVD":"04 Apr 2017","BoxOffice":"$532,171,696","Production":"Walt Disney Pictures","Website":"http://www.starwars.com/","Response":"True"}